-- phpMyAdmin SQL Dump
-- version 5.2.0
-- https://www.phpmyadmin.net/
--
-- Host: 127.0.0.1
-- Generation Time: Jun 23, 2023 at 05:51 PM
-- Server version: 10.4.27-MariaDB
-- PHP Version: 8.2.0

SET SQL_MODE = "NO_AUTO_VALUE_ON_ZERO";
START TRANSACTION;
SET time_zone = "+00:00";


/*!40101 SET @OLD_CHARACTER_SET_CLIENT=@@CHARACTER_SET_CLIENT */;
/*!40101 SET @OLD_CHARACTER_SET_RESULTS=@@CHARACTER_SET_RESULTS */;
/*!40101 SET @OLD_COLLATION_CONNECTION=@@COLLATION_CONNECTION */;
/*!40101 SET NAMES utf8mb4 */;

--
-- Database: `db_iskotogo`
--

-- --------------------------------------------------------

--
-- Table structure for table `tbl_menu`
--

CREATE TABLE `tbl_menu` (
  `id` int(11) NOT NULL,
  `store_id` int(11) NOT NULL,
  `item_name` varchar(30) NOT NULL,
  `item_price` int(11) NOT NULL,
  `item_availability` tinyint(1) NOT NULL,
  `item_image` longblob DEFAULT NULL
) ENGINE=InnoDB DEFAULT CHARSET=utf8mb4 COLLATE=utf8mb4_general_ci;

--
-- Dumping data for table `tbl_menu`
--

INSERT INTO `tbl_menu` (`id`, `store_id`, `item_name`, `item_price`, `item_availability`, `item_image`) VALUES
(1, 2, 'burgir', 75, 1, 0xffd8ffe000104a46494600010100000100010000ffdb0084000906071212101513131216161516151716151818181916181a171817161717181a18191d28201a1a261d1515213122262a2b2e2e2f181f3538332d37282d2e2b010a0a0a0e0d0e1a10101b2d2520252d2d2d2d2d322d2d2d2f2d2d2d2d2d2d2d2d2d2d2f2f2d2f2d2d2d2d2d2d2d2d2d2d2d2d2d2d2d2d2d2d2d2d2d2d2d2d2d2dffc000110800a8012c03011100021101031101ffc4001c0000010501010100000000000000000000000203040506010708ffc40049100002000404030407040705060701000001020003041105122131064151136171810722324291a1b1145272d123436292a2c1f0335382b2d21516172454e155637383b3c2e335ffc4001b01000203010101000000000000000000000003010204050607ffc4003b110001030203030b04020103040300000001000203041105213112415113223261718191a1b1d1f00642c1e11552144372f11633a2e2235362ffda000c03010002110311003f00f3a26302f7e4ae40a110212840ae027a9e6653ddce1523368594b99b415b4b178e73b2c8a406a7d16164a6009cec41dc03102470d0a73491a2e1a143cade117154f0b436570486c37a37c6182b3884f6cfc4269a85c72bf843454c677a7366614cb4a23704794343daed0a6820e85722cad64408b2205364408b2204591022c881164408b2205165cb408b22045916814591681459248895165c22055212725e0bdb54b22c9c5a273cade30a75431bbeeb3be4684eae1e399bfca126a89d02cce94ee4e09006c2166473b52b3b893aa4b2c40294426d845c14b2136c22c1508506b4ea046ba719129910caea2c684c44085d814dd7621591021740815804b02213004b51109ad0a7d04db1ca76e5192a23b8da0a248af98568ab1cf252804f2ac5094d0138a22a55c04bb442b00bb68852bb6814a6de9d4eea22ed99edd0ab87b868532f87a1dae21cdab78d53054386a987c34f2607c748736b1bbc260a91bc261e8dc7bb7f0d61cda88cef4d1330ef4cb291b8b434107457041d172254a20422042204220422042e44a8b2524b27604c55ce0dd4a8240d5499787b1dec233baad834cd21d3b4699a90987a8dee7e508755bce99243a671d13c2501b002105e5da94875ceab8560ba5909b658b02aa426ca45ae9642b2a3e1b9d33561d9afed6fe4bf9da33495d1b32199f9bd72aa312863c9bce3d5a78fb25e3b84ca91245ae5cb00093af53a6d688a5a9925933d2cb2d1d54d3cc6fa5b459a658e902ba642aba937631d08859a13dadb353261aa085c81422042544262e81029012c0884c012d44426809c558aa6b5a9c51109cd6ab7a09d9858ee3e6239b5116c9b8d12248b64dc68a7288c855404b0221596f3846b12748ec9954b4b16b10082bc8d8fc0ff00de3815f13a2979469c8faaf2d8b40f826e55a4d9de4787b7e9585470ed2bef2547e1ba7f9633b2b676fdde39ac91e2754cd1e4f6e7eaab6a382e51f6263af8d987f23f38d2cc55e3a4d07c96e8f1d9474da0f97baaca8e0d9e3d9647f8a9f9dc7ce35331488f4811e6b7478e40ee9023cfe782aca8c0ea53da92fe5eb7f96f1a99570bf470f4f55be3c429a4e8bc77e5eb6501858d8e87a1d0fc234037170b5837170b9021044482468a532f4887dd1e5a7d21ad9e41bd5c4af1bd30f86af2247ce1adac76f09a2a5dbc261f0e6e441f9439b56c3aa60a86ef4c3d2b8dd4fd7e90e6cd1bb42982561d0a4a4863b298b3a463752a4bda352a54bc34f3207ce333ab1a3a22e92ea81b82952e85072bf8c67754c8eea4974cf29f0b6da10493aa51375d8850b968950b96814597165962000493b002e4f90892e005caab8868b9c82bdc3f84a6beb34f663a6edf0d879fc2304b8946dc9999f25c5a9c6226651f38f97efe66b4545834993ec26bf78eadf1e5e51ce92aa497a47bb72e0d4564d3f4ce5c3727264b8a872cab0fc6336f3820f7175f16d7e8163b98736d19771fc2f4384c3b31179de7c87c2b37345813d23a6dccd974766e6ca95847502d25a9044592c849b40a9645a25165626994f2b461133824891c124d1743f18b8a9e2139b2f10b9f6461cafe11613b0ef4f6bda573211b8b45c381d16a600744b5102735a9c02213804eca6208237114700e162afb208b15774f3432dc79f8c72256163ac5627b0b0d93d0b50a5e195ad226acc5e5b8eaa771fd774266884ac2c291534ed9e231bb7f91e2bd4296a16622ba9bab0b88f2ef61638b5da85e1658dd1bcb1da84ec512d10211021373a42b8b32ab0e8403f58b35ee6e6d3657648f61bb491d8ab2a386e95ff5417f092bf21a4696574edfbafdb9add1e2b54cfbefdb9aaca8e0b967d89ac3f100df4b46a662affb9a3d3dd6e8f1e9074d80f665eeab2a383ea17d928e3c4a9f8116f9c6a662709d6e16e8f1ba7774811e7f3c1565460f509ed497f10330f8ade3532aa17e8e1e9eab7475d4f2745e3d3d5413d21eb522042204220422042204220425c890ced9514b1e805cc55cf6b05dc6c155f23636ed3cd875ad261bc1cedace6ca3eeaeade6761f38e6cd89b46518bf59d170ea71c6372845face9e1afa2d4d0e192a48b4b40bd4ee4f893a98e54b3c929bbcdd7027aa9673791d7f4f04f32c50159d34e916050989aa0024ec3530c69ba00b9b05e595f37b498eff007989f2e43e168f551376181bc17b68a11146d60dc15657e887bf48db4e2ef4c8d9772a9658e8a7b9a9b2b12925a90444aa10b968955b2b692c185c4735ed2d362b316169b14f2ac2c956013c8b14253404faa452f64d6841a443eefc348b09de37ad0d91c37a41c34722478eb0c1587785a1b39de136d40e36b1febbe1adaa8ceb927b67614ba35757f64d8eff009c56731bd9af62994b1cdd55a08e6ac6bb0216a782b15cadd831f55b54ee6e6be7bf8f8c72b12a7da1cab751af62e0e3547b6de5dba8d7b38f77a762dac71179844084408440844084408440844084ccfa647f6d15bf1007eb176c8e6f449098c95f1f41c476155951c314affabca7f6491f2dbe51a595f3b77dfb56e8f16aa67dd7ed00fed56547052fb93987e201be968d4cc55df737c3e15ba3c79df7b01ec36f755951c2352bece47f06b1f835beb1a99894275b85ba3c6a99dd2b8eef655951854f4f6a4b8efca48f88b88d4ca889fd1705ba3ac824e8bc78fe0a6a928e64d6cb2d198f3b0dbc4ec3ce2d24ac8c5dc6c992cf1c4dda91c00f9e2b5186f06f39effe14fe6df97c63973629ba21de7d970aa71cdd00ef3edefe0b5149472e52e596814770dfc4ee7ce39724af90dde6eb8534f24ceda909253f0b495c8942e111284db2c4828549c5751d9d2bf57f507f8b7fe1bc6ea066dcc3ab3f0fdae86170f2952de033f0d3cecbce5963d182bd790ab3143b0f38e8520c894d859a955acb1b55cb536cb12945a90444a516a4da2553653925ca9b88a3da1c2c5496070b156d4d3030d3cc473a46161cd24c65a54b458412ae027956284a6809d51142ae0258110ae12a214ae88852bb0211021755882083620dc1e846c6208b8b141008b15e95c3f898a8921bde1eab8fdaebe0778f33574fc8c96ddb9788afa434d316ee398ecfd2b38ccb0a20422042e33002e4d80dc9d044804e410b2d897a44c324121aa9188e52c34ce76dd411cbac7521c12ba5cc46476e5eaaa5ed0a82a7d2dcb6d2968aa271d85c04526fd4663b6bb474a2fa625ff5646b7b333f8520977441291ff126bb365ff634ccc371da9b8f1fd1691abfe9567ff77fe3ff00b28bbad7d94899e936b549070799a100fe94ee6d617ecbbc447fd2ccbdb96ffc7ff65203ed7d94b3e932ad7599844d5416ce56666201b58dbb317dc443be9516e6cd9ffb7f6a2eefeaad30bf4a7874d39663bd3be832cd4205cdbde5b802e7736d8c736a3e9dad8b3680e1d47f06c80f0b5d4188c99eb9a4cd49837ba306fa18e3cb04911b48d23b4595b552a1485c0205375d81422042204220422042491128588e3ca9bcc4943dd5cc7c5b41f21f38ee6171d985fc72f05e9b0386d1ba43bcdbc3e792ca911d55dc2152d7b5dcf769f08eb538b4616b89b660511843d0426d845929cd48222528b526d129764288852d09e92c54dc451ed0e1629bb008b157d85544b2ea5c12a08cea3424774726a627b010d3d85659e29034861b1dc57a05060f4539334b40473b33023b88bdc18f3b2d4d544eb38f905e665adae81db2f363d83d94c5e16a5feecfefbfe7093884fc7c82a7f2f57fdbc87b250e13a5fbadfbedf9c47f233f11e015ff0099aae23c020f08d3747fde83f929fabc15863555d5e092dc1d4fd660ff0010fe6224627375782b0c72a46e6f87ed21b83247df9a3cd7fd3123149780f3f75231da8feadf03ee92782e4ff7937e29fe989fe565fea3cfdd5bf9e9ff00ab7cfdd27fdca95fdeccfe1fca27f9593fa8f353fcf4bfd1be7eea6e0dc3e29a61659ac4116652058f4f31f9c26a2b4cedd92d0b3566246a99b2e6016d0abb8c2b968810b15c59c7cb4f3becb4b24d4d55b545f613f191cf5dbe24477b0cc0a4aa6f2b21d96799ecf7504e76199598a8c1310aed711aa65526e29e490a9603663cf97dedf7d63d6d35152d25b92667fd8ebe3ed6576c05dd22a750f0b534a520484b85d080a5ee72fbcd7be87e50f73de72715a9ad636c582ca424b6ba9cd94a29c9b955d8003a0efd6101f9eb6b2d05a2c72bdf5508ca9b674cc51dc66724b5dc106c1b5b0d08b69ce2768e60e47d5490cc9c05c0eccbb115618194d9ae50259402000146cc75236d0f53a459eeb106ea8c68208b6bf344ba2941dc07b650a073cc4016001e67c6218438ddc892ed6f314f9b8749a80ddacb599a6619d43107280c7311be835efe50f6b8ea0acce68c811f372a4abe059632cda398696a56c43231c8d7b5c5b31ca2e40b036f189796cadd891a1c38243a01a8c94fa3e3cada2ca98a531286d6a9922ea76d594697fdd3fb31e72b3e9a63b9d4aeb7ff0093f83efe29772de92f42c331393512c4c91352621e6a41f23d0f718f273412c0ed891a41eb5606ea5c2508810881088108810b90295e598b5576b3e64ce4cc6df8468bf2023d5c11f271b5bc02f794b0f230b63e03cf53e6a118704f59f7dcde3b6dc864ba16c93644595084861129642411164a2122d025d971444aab427144553da13f2988371bc51c03858a76c822c55f6118932b06462ae3a73f2e63b8c726aa945ace170b154d231edd978b85bec138a5265966d91fafb87cfdd3e3f18f395387b99ce8f31e7fb5e5eb3077c5ce8b9c386f1eff00325a611cc5c54a8842204220422042204220422042ca7a44e28fb0d35a57ad5338f674e8356cc74cf979dae396a481ce3af8361a6b67b3ba03377b77fa2ab9d60a0f05f0aad2d382f669f30979f33725c9be5bef61af8dc9e71f422016803203452c3b1daaf8d30cc4ebb5bc05ee47c09f942cb734d0fc927ec8003a7bc6dccea56ff203ca2bc9e455b95cc2873284184989304ca2d553f53bdfaf3d083d76808237a03d34f4e180040d873d740abf2b4496dc5954496374854b6da6807eeec7c62c091a29241d53b717cc0f30c75d4d882e34df9fca246b71f38a2f95be752b296beb020df4b1b1dc1d46b7037b4305ef925922d9a9894cad2f210086041cc2e083bdedb82348b01964aa5d9e6b13c3b4d2f0ee209d4c83249ab92264a5e4196e728eebaceb6dc8748e2fd49019690483ec3e472f5b248c9d65e9d1e095d102110211021102157e3d35969a69404b65205b717d09f2049f28d14ad6ba66876975b2818d754303ce57f9e3a2f318f50bdca49810a0d7d2dfd65df98eb1b69a7b735c9f14b6e69556447456821208894b2136444a51092444aa592144096d09d51109ed09d58aa784e2120dc45480458abd81162ada8ea836877fac732780b331a2cb2445b98d169305e229b22ca7d797f749d47e13cbc36f08e554d1326cc6478fbae3d661915473864ee3c7b47c2b73866292a7ade5b5faa9d187888e0cd4ef84d9e1796a9a4969dd69077ee2a6c2565440844084408440851b10ae95225b4d9cea92d7566636035b0f9903ce19142f99e1918b93b90bc9b11c786278b534ea55fd0d19f5e6b8b07cc41ca148b8d881cf5be9611ef708a27e1d03b96d5c74e16eb487bae725af38c0cf62cb286a4b13d35e76de36c526dc9c140759497e2290411db06d3dddbe207f38dae92302c4dd5c6d6ab94589234bb233017dc9f9024eb1cd9a470c986c1383da337665354808a8331d98a4abfa971698cc2ea6e75b0cd7bed782290b0de437512ccd2d01a2cac25e394c5360afcee05bc2e348d4da98c8d2c567db3c567462929e6cc7456392caea41ca012486c9caf6dfba33cb23afcd1aaaba4705cff6c4a350ea41b5c5890403700d84329ded636ef1725599b446453f8acf92d2ecacc8c79af8ebb822192cd0961d9d53e22f0ecf45dc2ea69b29569ce4daca175277ea2c3524f9c668448e2438f827c928d405554d8d55adc34ebd9adb2ec0f87486dddb56baa191b6c8052b8ba80574b91369e784a8a72664a70035f404836d85c0e4798b1bc6895d072458fcc116b71595ce24a5fa3de32adaba9994d3e54b71294e79f2890b985aca79126fcadb1d23c5e31855352c42589c4127269f9bbbd318e257a1c79c574408440844084408593e24e19bde6c81aeec839f52bdfddcfebd7a3afb5992f71f75e870ec5b66d14e72dc7f07dd63088ecaf48b862542adafa5f797cc7f38df4d3fd8eee5a2297ed2ab4c6e4e2906252c848894b485894b6a7962a9ed4e2c42704a110981281882acad68ab3368dbfd7fef1ce9e9f679cdd163961d9cc68ac244e6460c8c5586c41b18c4e635e2ce170b2be36c8dd978b85b0c178b55ac93eca7938f64fe21eef8ede11c6a9c348e7459f57cd579badc15cde7c198e1bfbb8faf6ad4ab022e0dc1d8c7288b645704820d8aec0a11021102163b8e71757230e95292a2a67dbf46ff00d9cb51eb76b37a016b81be9e17f4580e1934f289812d68de353d43f2a8f7002cbcd781e9969abeae4ab5c2de47ac2cc595bfb4cbc94b2fcc47b7ab7585ac90afb8ae68992d6c467f65bad891eb7d7e31898493ce0b4d2c5b7200e1922864a53d30572664b6b95d0665277ca798bf230d9a3b80e0ba0ea0123888cd88502455cfbfb8101d0589397a03b0f18518da7b55ce1637b976af1c9aa7451b58666256df86dca2042d3a954fe22ff7792a5189b337e982329df282a6c79d81b187ec0039a94fc36c322a7505752ad3cda75432817575982fed0d08394fb3a0eb15735e4871ccacefa1900beaa0bcfa62f6656755b1cee599e6117be8745d728034b6b17d992d9647d157fc478016a309757019542a140413bfb22e2fdcd71e5192406f6de94e63838b77ab1fb3c99924a8b2820e5984b07cd62030b106c2e4887411bf6b9d90f99270a694385c2a0c328526358cc9a42819f35f7e76dc5af789797804b45d4c94f2b73b2b79b282d34e6973d11023059b985869a1b75eede10d6173c5c2c675cd54fa14a99ff6b7912a6abd2a233cc22585cced60a6e46727436bf20639ff0053c5088448e1cf240199d37e5a7ed36326ebdaa3c3a6a20422042204220422042ce711f0d89d7992ac26731b07f1e8ddff0018e951d718f98fe8fa7e97670ec50c168e4cdbe9faf816126cb2a4ab02083620e8418ef34822e17aa6b8380734dc14d98b20aaaafa5b7ac36e7ddff68e8d3cfb5cd76ab4c52df22a018d898522252d21624a5b53ab154f6a70442684b1109812945f4115240cca9bd958d2d05ac5bc87e71866aabf359e2b2c93df26a9f1896552f0fc3a6cf6b4b5bf53b28f13fd184cd3c710bbcacf5155153b6f21b756f3dcb7bc3f841a74b1985afcbdc53fb237feb68e055d489dd70db7af7af258856b6a9f70d03af79edf9deada322e7a2042838ee24b4d4d367b6d2a5b3db6b90341e66c3ce1f4b019e66c43790104d85d653d1261730c99988541cd515ad9efd25024228e80ea6dd028e51f5ba6819046d8d82c00b05949b95e5926a1e757d54da8622799ac8d96cb9429cb616d2c3201cfd9e71590e79ad1030104ab4383dc83dbccb8bd8dc30e9a122d7d3cf4da14482345a59b4dcdae4f0a799600ce62a16f6f54efb6c077c21c32d1696ccfbdee99ab9053799306da6df0b0106c852e9e43ab9554d259af7996d802c37d2fadbbf918bec8012ccd21fb8a5cea252b994dbadc96b784170154c8fe25216885f5bebb7ac60baaedbb8a8f3642df761d353fce0da28da7715364ce968a0e6984e960395ee5ad716d34e9bc56dbd5c4cf1bd5bc99eaca33543d88eef3f6541e9a74bc580e254195c54ba7aa932c5b3b313ed65739093d3af7df78a9d9192addc7353a4090c0a9923b32a411d4f4e805ac7af7c4b48be8a0c592c360a93a93b5c46943de9ea9a53a01797d8b03a3106f6bd879a9bdc432ae91957018e4d0f91e2173c9d972fa0f05c5255548973e535d262dc771d883de0dc7947cb2a69df4f2ba2906616806f9a9d084220422042204220422042a4e21c056a0661659a068dc8f737777f28dd4958e84d8e6df9a2e9d0622fa63b2736f0e1d63e66bcfaae9de5b94752ac3707fad477c7a18ded7b439a6e17ad8e564ac0f61b82a3308605255456d365371b7d23a904db62c755a63936858eaa1c6956290b02a353ab109ed4e08aa685269a959fb87584cb3363d7550f95ac56b4f4ea9b6fd79c736499d26ab1be473f552a4496760a8a598ec00b98439ed60bb8d824c923636ed3cd82d6611c21b3541ff00029ff337f21f18e4d4627ba2f1f60bcfd5e37f6c03bcfe07bf82d54992a8a15542a8d801611c9738b8ddc6e5701ef73ddb4e3729c8aaa220422042c57a629acb844ecbcda586d2fea998b7fe51dbfa79a0d7b2fd7e8aafe8ad3f0baa0a1a612c96414f28213b95ecd6c4e835b47d342ccbc4b8cf0a75e21992a5ccd679132e7ddcca5c8d37b15368cf390d69714e849dab04a6a6aab84c8b30a1b1642028277d34f3d3a4666ccd70b85b4b1edd55a251d5007fe5c127982a4f76b7f03105c2d9152135534b59ed7d9c83d1594786c74eb6882e04dee8dca154e0954ca0990743b6651e76cddd05dbc541255951f094e98bfa498b2fa28bcc1e7a8d633be600e42eae1aa43f084efefd6ddca7fd518ce2201b1694de481de9b99c1d30feb25dadf748f9080624dfea54723d69b7e0e982d69d2fc2c57f38b37110ecb64a3902acb0ce0a6ca3b56db51d9a1eebdd9b6f818d2d7bdf98691da96ed96ef57c9c12835018e9afaca76e9ea6fbf38b964a341e7fa5412b7e0fda90bc2e808529375bd8dd6c4ebd3ba33b84cd701b2734d0f6917042a6f4452554e254ccb7cb5473022ea55832dafb13ea9b88eec26ec19597264e914d707df0cc5a76177bc89c0cfa624ea0dae53bf4561ffb77e71e57ea8a00e8c54b756e47b0fb1f55789db97a5c7854e440844084408440844084931285558de112ea16cda30f65c6e3b8f51dd1ae9aa5f0bae34de16da3ad9299d76e6378f9bd79d62342f25ca4c163c8f223a83cc47a38656cadda6af5d054473b36d872f4ed50660b8b187b4906e15ef6d1554ea360741711d1654348e76ab43666919a86b1a55da9e96a4e822ae200b94e040ccab4a5a1e6df0fce304b557c99e294f9f7355828d80f28c24ef2937de569307e149932cd36f2d7a7be7cbddf3f84736a31163326667cbf6b8f578cc517362e71f2fdf778ad9d061f2a4ae596817a9e67c4ee638b2ccf94dde579ba8a996776d486ff00372950a59d102110211021102154716e15f6aa19f206ef2c85fc63d64fe2023650547f8f52c94ee39f66ff0025045c59517a22c744fa0590e6d3e97f45310821828244bb83aec32f7153b47d698e0e6820dc2ca565bd286073e762b9d27aca268c8a7dd5a6b2e7cd2108b0ce4b73234716bd8da1ed0ec8a96923454181f12cb90ab2aa566499807adda230b9ebb5f5df6e71cf929de092d5d265531c06d9cd6a69b1e90c2eb390f830fce3296bc6a0ad0361d98214e5af5eb78aed2bf277499b8803105d7522150e662b68a59304295478e656f5b553bf777c226a7dbcc6a9bc90b649ac4389083645d3a9fca222a21ab8a81181aa561f8c0049620dedbeb68d6d68664025491976f5732b89d5752c2dd4900086895d7599d4e2d9a76671dd3a5b34f962fb5dd7979c303e43a0294628c6a42adc43d28c9b84901ea6692424b9609b91df6dbbc5e1cd64af39e492e744c196655afa23c2a6c8a2779f6eda7cf9935f504f25b1ca6c0dc31b0daf63a88e834582c24aafe3d0063984b0d1cb4c0d63ae5b8b0b74f59fc758e5e362f432f62bc7d20bd0e3e58b42204220422042204220424989426da2c10abb15c3e5cf4c8e3c08dd4f50634c133e276d353e9aa64a77ed30f76e3dabceb17c31e9df2b6a0fb2c363f91ee8f474f3b666ddbe0bd65355c750dda6ebbc70f9c55698d29eaa2969cb770eb1d39666b3b56a3286ab7a6921469f1e71cd92473ce6965e5daa94b092a42d3e018a52489619918ced6e6c0db5f7493602d1cbaaa7a899c402367e6ab915d495950f2d6b8066e17f5565338d53dd92c7c481f4bc661853b7b82c8dc05ff73c7813eca24de3599eeca41e24b7d2d0d6e14cdee3f3c5696e0318e93c9ee03dd4599c5b527628be0bf9930e186c0389ef4f6e0b4a35b9eff6b25e1b575d54f95673003da6b0014790d4f745668e969db72dcf70e2ab530d0d23369cc17dc3324f8faadb51537668173331e6cc4b313d6e7e9b471247edbaf603a82f2f34bcabcbac075016013f0b4a440844085e6bc6981d4d155ffb570f1736ff009a93a90eba5dadcc1b0bdb6201eb1ecbe9fc64340a698ffb4fe0fe3c382548cde16870bc5f0ec7294cb215f4bcc94da4c96d6b665e7a5f475fcc47b6c8a4aaaafe1bafa64c927b2c4a9aff00d8558533957eea4d6d08b8075dac2c222c50b3b512b01cc16b70e9d4332d96cc26aa5fa86966cdcf52394464853293803049e2d4b5ee0ee724f42481a6aa45edaefdf01634a90e23453d7d0ed29171595641d8874b7f9623926f053ca3b8a3fe0dd2ff00d5d5fef27fa20e4dbc14f28fe2573fe0d52ffd5d5fef27fa20e4dbc11ca3f894b93e86a8c35daa2a9c7352ea01d3a85bc4f26d51ca3b8a4d5fa2cc1a50266cc7402d72f3d56d7daf71a6e227642aaa5a9e1de1992c33543cd37b64498d36e6d7b7e896fe771116084ed361148ea568301993413a4daa66952ec40b30ed1cb32eb7b0efb44f7215fe11e8fdd9f3d4b4a94a47ad4f449f6746dfd599356cf306a34bdae20b216e4f652257b92a54b5ee44551f2022ca1798f0fceff6b636d5caa7ecb48bd94927de99aeb6ff00133777a9ce3cb7d4d5c23a7e401e73bd07be9e29d1373baf508f9fa7220422042204220422042498942698c5c21479862e10a057d3a4d428e2e0ff00571d0c6889ee8ddb4dd55e299f13c3d86c5622bb87272b912c675e46e01f037e71dd8aba3736eec8af450e2b0b9b779b15915ae6ee8eeff8cceb5db6c2d4e0ad7ebf2111fe347c1686c2c4a156ff007a0e423e09ed899c177ed0ff0078fc62444c1b8270637820331d2e4c4d9adcd5acd19ab7a3919175dcef1cc9e5e51d968162964db392bdc07037a96bfb32c1f59baf72f53f4f94736aaadb00b6a787bae557e20ca56db576e1f93f335e8345489290222d947f572799ef8f3b248e91db4e39af1f34cf99e5ef3729f8a252c6f1c714d453cfa7a3a392932a6a2ec3b43645417d77173eab1d4e8176378f5182e134d340ea9a93cd048b5ec32d49dea8f7106c1573d4f12a0bf614533f6435beb317ebce36b60c01d902077bbf2ab77a6dfd22d652ff00fd0c2a74b4e73651ce9e57f57f8e2cefa728ea1bb54d2f9870f2b1472846a16bf8778a292b96f4d395c817643eacc5f143adbbc5c77c79eaec16aa939ce176f1198efde15daf056778a7d1c499f33ed148e696a81cc1d2e15989b92c17504dcea3aea0c6ac37ea09e96cc939cdf31d87f07c943980aab95c578c61d64afa4355287ebe4ea40b6b7205bf782f3d4c7b3a3c6692a4735d63c0e47f7dc925842bfc37d24e1556b95e72a5c6a950b947304126e874efe71d5b85553a77086135409fb353be622ed2ec0dc5bde9645b9416084897e8fa813fb2973649db34b9f390dba7b7b7741642b6c3b04492065993db2edda4f9afe4416b11e20c0a159c4a146aec2a5542e59b2d5d7a31d391d45ec761bc42950a4706d023665a4a7048b1265a93f307a088c90aca9e864ca0022cb402f60aa1477dac044a156e23c574123fb4ab92ba5ec662936bdae156e4c1742c7d67a5892efd95052ceab99caca5135e7b16b5fa81e3099aa6285bb523801d79290095125f0a62789b07c527f6522e0fd9649b5edb06b5c0d6db963e11e5b10faa23682da6173c4e9e1a9f24c6c5c57a161987caa794b264a049682caa361ccf7924ea49d4c78b9a79267992437277a701652a148440858fe29c25e5933e4b305ddd5588ca7ef0b72ebd3e9d9a1a96bfff008e402fb8fe17a4c2eb592da198027712067d5dbc16713139e369d33f7dbf38e89a788ead1e01765d4901d58df009d6e22a9417eddaddf63f5110286179b06054fe3299e6dc984a93c6151ca703e2abf9081f84c6356799547e094dfd3ccfba9438bea7ff002cf8a9fe461070d83afc566760b4a78f8fe92c7194ee72e59f0cc3f998aff171ee27c921d81c3b9c7c91fef9b73923c9cffa60fe2c6e7797ed25d81b773fcbf69278c179ca6f2607f9089fe31db9c90ec15e3478f048ff007b257dc99fc3fea8b7f1d2711e7ec9470797fb37cfd979aa98f5ebd7b4a754c553da538a62a9c0a7145e209b2602ade8a9728b9f6be91cba89f6cd868b2cb2ed64345aae1de1d69f67997595cb917f0e8bdff0eb1c6abad1173599bbd170b10c51b07323cdde43f7d5e2b7b2652a2855002816006c04705ce2e373aaf28f7b9ee2e71b9297155444085e77c6bfa3c77099a7df3324f76a72fc7f4d1edb04ff00e5c2a68ffdde6d094fc9c17a247894d445e391f1bb698483d592161b8afd1d4a9c7ed145ff002b589eb234b39119ba301a293b6616df5bc7acc2bea2797886ab3072daf7e23afd52dd1ef0ac3d1d712bd7d1e79ab9674a7326769605d429cc072b86171d41e568c1f50e1f1d24e1d1e41d736e046b6ea52c75c2d4c79f4c5478cf0850555fb6a596cc7770323f3f7d6c7998dd4f89d5d3ff00db9081c351e072552d0565aa7d105166cf2274f90c2e415706d7dac48cd61af3e71d78bea8ab6f4c35de5e8aa630995f47988cb0a24e353b437b30703aedda1bebc8c6f67d5a3ee8bc1dfa55e4bad2eab8738805bb3c551b7be65c96e96b235f9c6867d5901e9b1c3b2c7d94724531feeff12ffe252be3ff00e317ff00aae97fabbc07ba3922a55370d63c57d7c5d55afb2a0716f12a3e90a7fd5b083cd8c91da07ba3924dcae00c49afda6373c5feee73befbcc1684bfead1f6c5e2efd29e4bad297d11487c9f68acaa9f941dd80172352b704a8d0697e4231c9f5554bafb0c68f13eca7920adf0ef46585c9b7fcb76874d66333ec6fb5f2fca304d8fd749f7dbb001fb560c685a8a2a29525724a9692d46ca8a147c0472a495f23b69e493d66eaca442d0881088108810b845f4302906da2c0f14605d837692c7e898edf709e5f87a7c3a47a0a1ace546c3ba43cff6bd6e1788f2ede4e4e90f3fdf1f159e617d0c744120dc2ec03654f594f90f71dbf28eac1289075add1cbb63ad32b3586c4886b98d76a10e6b4ea13ab5ec37b1febba12695874c967740d3a258c4073047ce16691c342b33e02342bbf6853b11f485985edd42ccf6386a104c45926ea8d4c7596c694ea9884f694f2454a782ada8a9f2ea77fa4736a26dbe68d1224976b21a2dbf0df0de7b4c9e3d5dd50fbddedddddcfebe7eb2bb67991ebc7d979dc4316d8bc709cf79e1d9d7d6b6cbb5a388579b26e9510a1762108810bce7d32b094b41547f5158a6fdc4073ffc31ed3e937ed36588f51f50952ee2bd1d858c78e91858f2d3b891e09aa35756cb932da6cd7549682eccc6c00b81f5205bbe1d4b492d54822885ca09b6abcd38afd2fc90865505de6b7aab39c7672d2fa6601ec491fb4140dcded68f61867d34217896a082468d1a5facefec4a749c168fd19e1d4f4b46b292aa4cf9aec664e697315c198d6040b12480140bf3373ce317d44caaa8986cc4ed96e86dadf53d8a63b01aad454d6ca97edcc55ee2c01f847986c1238d834f82d51d3cb2741a4f72aba8e2ba55d999ff000a9fa9b08d2cc3a776a2ddeb7c783553f500769f6baaba8e35feee4f9b37f203f9c6a6615fd9de016e8f01feeff01f93ecabea3892add4b06555bdbd503bbef5cdb502fb6a237330a8c336f6491a5ffe16a8f0da16482339bad7b13bbbacaadf129c4dcce997eb9db4f0d7486882202c1a3c02e8b696002c18df00a65371354a69dae6ee601be7bfce12fa081d9ecdbb1669709a57fdb6eccbf4ada9b8d5bf59241ef56b7c8dfeb191f850fb1de2b9f2602dff004dfe23f23d95ad37165336e590fed29faadc4647e1d3b7417eff0075824c1aa99a007b0fbd95ad3574a99ec4c56f0606323e27b3a4085cf929e58fa6d23b42910b494408557c4f3aa92926b51a2bd405065ab6b7f5866b0b8bb65cc40ea06fb1eae0b1d349561b536d9eb3617dd7557ded92cc702c9aa6ac9f38a564aa4694144bac72d31a7e704baab6aa02861d0dfc87a5fa8a687fc41192d2fbe56dc33eb36cb2eb548c1baddc7854d440844084dce96aca55802a45883b11166b8b4dc6aacc7b98e0e69b10bceb88b0534ef71732dbd93d3f64f7fd63d1d25509db9f486beebd961f5e2a5963d21a8fc8f992a49a81858c6f638b4dc2e807169b85495128a9b1f28eb47207b6e16d6c81c2e1304c354129b631292e29b631294e2b99cf58364249b26d4c5955a53aa62a539a55b50535ac48bb1d86ff00d18e7d44db590d12e49af96e5bfe1be1f09699385db755e4bde7ab77728f375959b57647a6f3c579aafc50bef1c3a6f3c7b3abd56b51e39042e2a795a284212c188425031084442161bd33c90f844ddaf2de54c039fb625dede130c7a7fa55e45539bb8b7d085591a766eaea471553f632999c966952dc8504eac8adbedcfac62afc3a6ff2e4d9196d1f3cd7429b0da89d81ed191de4855b8af15499b2da51a6ed11859966e5ca75b8baebcc03e50ca3a49e9e4e51926c9ea17f55d26600e3ff0071e3b85fd964aaa9a95f41434aa3f665ebf1bc7723aea966af27b40fc05ad980d2019dcf7fb2ab9fc3144f7bd3e4ef9731d4ff001975f946b662d28e9007c92e4fa7a9cf41ce1e7f3c5355ed3e86509c93daa2995d51e4d41bb0cdb09533ae87d9ca4684ab0bc6f8a48ab5a439bf3a8ae454415385bc3992647e66dfcab5c4aac4a5a8ecdce749538a1d981556b377301af7111cfa4a62da9cc64095e83127c8ec34ca05b6837c0d937598982d9956e262acc1cb498a1c7f9ade5159a8cf2aecf7ae8e163fc8a48e4beef3191f450e6d7b7da29c0b0cf4f577f000baff001480637450b5b4ae69cd716b39b8d44d1d40f7dd3a957fa2379d311cb107b3b09856c3285984112c5cb5c8058d940b0bc560114573b39aeb62787545548c8e376c476b93bc9e1f324cd3cb98f35a9d9ccd7c893a9a6b001e64a6612d92611bba37bc7ee4cb9b5ada65609181ec0b918656cb4354fa4aa75da01b13bac2f95f711bb8a2557cc705a4cc4974e18a24d795db4d9eca4666547215255f4dc1e5eb1bda869e9e21ce6dca4c53e218acae7539d860eef1c89254c18926417bb4cbea565f66a56df77b47f5afd2c35d85ae7054d3c6fce2165dfa2a2ac8c1150f6b86e39dfbf209d15219e64b46c825109366d94b19a75ec24e605415b1cee41b5ac06a0b3994cca58f6e41b4e3b9709f535188ce60a63b2c6eae17cff5c07794b97c4d5543325b4ea869d46ee13b4c8ab364b6e03a8f55d48075d6e035ac45a205150d6b76b93008d72b1efb6ab935514d4526ccc0381bd8fef5047057f83f1ad43c992eca933b4952c9b02a4bdb2bdada7b6ada5a38388e0f08a8223b8be80699f52e850e1b0d4d2890b8839df4b65f38a9f8f7165a92a02ab24d34d3d91918305654983dad350c8760751bc568706929eba2db20efb772c52d0de074f13c39a0db423869e2a7f07e3729a8a944c9cbda7d9e4e7ced624f66a6e4b6e4ef7ef8c98bd33bf907b8b4ec922f6e195d676524e621206120efd552535654d0e25212aab0cf935b2e6925ac1254f9403b767f76558a803f6ae7511de961a6c5691c29d81a5a6cdc80395b86e2163e731d6726b0d5acc619ea3ed53a8e8b315a64907b39b342920cd77dc0246daf31a5aed4a8968f068db13581ef233d3c49cedd410017ad7607864da7528d5736a12deaf6c15a629d3f582c585afa30276d77bf0310c469ab23b88b62407516b11d7a2bb5a46f5644c7195945ad90b310a38bab0b1fcc7430d8dee63839baa6452be2787b0d885e6d8de18d4f3329d54ea8dd47e639c7a5a69db332e35de17b2a3ac6d4c7b435de387eb82a8a996185be0636c52161b85adb2169baa59aa41b18eab4870b85a76c11709963174b7148262528948bc4a5dd256255015698752924585d8ec230544c2c73c92659c004936017a070fe10b26ced6333e4be1dfdf1e6eaea4c9cd6e9eabcdd6e20e9b98dc9bebdbecb4929e39ae0b9c9fedc28bb100752401f385ec13900acd6971b345d469bc454c9bcd07f0ddbe9a435b453bbedf1c96d8f0daa7e8c23b72f55027f1a4b1ec4b76f12147f330f6e16f3d2701e6b74781ca7a6e03b33f655f51c633dbd9544f22c7e24dbe51a5986443a449f25be3c129dbd224f97cf1559518d543fb539fc8e51f05b469652c2cd1a3d7d56f8e869a3e8b07afadd5754caed25cd4beb3254d517e6c51b2ff1058ea61eed99db6d127158b6e89e00d05fc0dd45a1ac514f4e49de9e575f75027ff5875753bdd3b881c3d14e06d74944c2375c7994face665ccb2d8afde3eaa0f173a0f3309650bddfa5d099f0c19cd235bda7f0a054e37253dba992bdc84cf6f232eebf12236330b275f9e0b99363b41164d25e7a858789b2665e253a6a83229663a9b5a754b0a793afecab004dba4c3e11adb430479b9731d8e55d4bb62922b776d1f61e09b6a505d66554d152e9fd9cb55c94d2f5fbb619f65b8caa0db52e348bbaa1ad1b3184fa5fa7679dfcad6bbbaf727b4eeeef24fc9a8fd26699770d984ceacae0accf3219b5ef8cad716b8397a9aaa46cf4ce83404587570f05128ed287d8e74c4599249321dd84b49d4ee4b290ec72820b16173b311bad8ec9e3e5007b335e3f04c4c503df4d5390bf81dfdc7e6a9ca69ab327ce9c841952642d2cb717b3cc76cf30a93baeb3b5e853ac120e4e1d9dff002ead87bcd7e2e6a00e68b9ee02cdf75c8c4bdca87c46f31644999298875993a4e9a92b3e5aae51e204c1fe331b690f3485e13eab8c36a192716dbc0fed5a564a12d8495f664a894bdf93466d3ef3676ff118cb2bb69e4af5384528a6a36337dae7b4e7fa450301365926c03a927b830bc516d9c131380d6c7d147c292f29a492a274a9f3fb6467556b92b799eb1198596c4f2c9adae2fb6a58e7105a2ebc67d355f4d4d1bd933834dc6bbf2fc7e5727c95aa64a195303e79a8f51354e6952a5adc001868cc4bf2b8be450496204c117260bddbd67c6b106e212b61a71702e6fc4fb01c577866b9cd2892034b4925d27ceb8cc55a63b89323a4c7ccc0b7baa09ee699591b1fcb3b5b582c387b2a6b1a28e2c9a4ddc7ab2d7ab2c86f2ade6552ce4992d57297933254b41a28bc964968bddeca88e542c93fc9123f3cd7abc428391c3df1c6320df4ccfb95225ca08a92f9cb972e59f1496a8d7efba98c95c6f3b8f5a9c3185949183c2fe39aa5e3590cf48aabed7da65aa8ff00d449aa40f1b288df8413778ec5c6fa91a2d1bfb47a15b2a4c727530126532f65280968a5411953d51a8b1b9b5cebb931c3c429e2a99dcf76b7e3c345b62c1e9cc2c0e06f61720eff004f256b4fc6c7f5927cd5bf91fce396fc2bfa3bc56697011fe9bfc47e47b2b191c554cfbb143fb4a7ea2e2333b0f9dbbafd8b9f2e1154cd003d87deca7caad96e2e8eadf8581fa421d13d9d2042c12432466cf691da144c5291274b28fcf63cc1e44436091d13b69aad4f50f81e1ecff95e7189523c9728fcb63c88e4447a48646cadda6af5d054b27607b3fe155d649cc3bc7f568db0c9b06c744e64bb27a954347482792904c4a5929312ab752a964db53bf28cb34b7c82c6f92f905a1c17139724126592e4efa6dd3ba397534ef948b1c973aaa9649c801d66f0eb539f8a667ba8abe376fca1030f67dc49558f0a88749c4f97ba8f331ca86de6b0fc3eafd35860a485bf6fe56e8e869d9a3077e7eaa334e2756249ea4dfeb0d0cb64d0b7b001934249ab41ef0f2d62c2090ee5a1b1b8ee496c4579027e50c148e3a94f6c0ede536d88b72007ce1a29183529cd81bbd34d54e7de3e5a7d21ad8231a04e6c6c1b914f505262bee55830bf506fafc21832d14c91b5ec2c3a10478a952cca952d65a3939548498103b2af6d35d532cd16cd91e582d639729b5f78d0e95864dab5f20bcdd36135ada21009360ed1bdb78ed072e36f155b51452263679c27cf6e4674f2c078045523c2f16354edc1519f4a477bc9293d82deb74fd3b24bb7652654a2362a80b8ef131eee3f7a146790ef5d48301a08becb9ebcff005e489d399cdd98b1ea4927e2614bacc63582cd161d49b8159102138f303204992d262adca875be5bea72b7b401e80d8f4863257b32695cdacc2696addb72b73e2323dfc57664e242a80aa8b7c88a02aadf5360399e6773ccc55cf2e3772d14945052336216d86fe27b4a6a2ab527a45465b7aaad67575cca1b2ba5f2b0bf3198f745d92399d158ab30e82af679617d9d33b26628b6a20425552cb9d633a44b9ac00019b3ab5800002d2d94b00000335ec34da1ad9e468b02b8b55805154486470209d6c6d752c4c6445a79196434c5330945cab224df299edcde736aa97248cda105948d1192472b21c869efecbcf57c71c52ff1f42de73b271d4f1b5f70dee55d86d3095266c9524ac9ada841722fecca50481cc897cba456abed2b5fd28764ccc3ae5f94eab106e342368c8bd7917c8aee737bdcdfaf388201d51616b2954f89cd4f65cf2f96a3ce282203365c7664b34d4704c2cf683dc9d4c487316f0d6323a8cfda551d4e7714fa542b6cc210e85edd42cee639ba85d631501289482dce26ca84a9127189e9eccd6f02730f835e16ea589dab47a2c52d1d3bfa4c1e9e899c4f14993f2f6847ab7b585b7b5eff000117869d915f677aa414d1c17d8deabd9a34809c4a835926fa8df9c6a824b734ab4725b22abcc6d4e2b902853cce51ce3088dc772c018e3b927ed83a18b8a776f4d6c4573eda79011614cdde539b10deb9f6a63cfe1a45c42c1b9686b1a372e67bef16b01a27b4d92c1813839281884c0e4b06215c14a060560574188560576f02b5d76214a20528810881088108810881088108810881088108810a43660cee8ab39672c81310ce591311e427662cce0abcb235b0d41b6d6b9d41d1be30c79b5978c9a9abe8aba4a8823db0fbdb2bdaf9f1047e426d659447ce50cd9d3e64f9a10e6442f6ca81b6623d6248b8d46a6c62b51235c406e816efa7b0f9a9c3e59c58bad96fef4dc675e9117810b912a2eb84c0aa4a41312a84a52d430d898a3a263b5090f6b4ea13ab881e63e109348371599f08dc5382b14f3b78c28d3bc2cce8dc174bde29623548392431894b252098b2aa815726da8da36c325c58ad11bef9151e1e9abfffd9),
(2, 1, 'prech price', 55, 1, 0xffd8ffe000104a46494600010100000100010000ffdb0084000a0708151514181515151919181a1b1a1d1b1b1a1c18191a1f1a1a191a1b1a1a211a1f212d241b1d2a1f1a1a2637252a2e313434341a233a3f3a333e2d333431010b0b0b100f101f12121f342a232b3335333336333333333931333433333333353535353333333333333335333333333333333333333333333333333333333333ffc0001108010300c203012200021101031101ffc4001b00000105010100000000000000000000000400020305060107ffc400411000010301060305070105080203010000010002110304051221314151617113228191a1063242b1c1d1f052142362e1f1071533537292b2c282a26373e243ffc400190100020301000000000000000000000000020300010405ffc40031110002020103030204050305000000000001020011031221310441511322146171913281a1b1c1d1e1f00515234252ffda000c03010002110311003f00f53214f4f44317295af5508c949425a2a06822249e1ccc4478853ca071e2a91c0fc8ff0025706545eb5ea532d2f76c630025c1a227bd877cb4d51b667b1c03e664039f3f923ad476e2abd85b88c003a00aa4939fcfcd971ce83905de891f55254e8e0b8226384279298ea79ca92479092e05d255c912509a4a40a92495a524c949ae5249282ba0a8f124d729249a538151625d0f55247cae42e172414923ca6cae38a695248fed124cc29292496122a2ed4f0f98fa282a5a9da01079024fa81f55215c9ad369ecdbcce8141753322f3cfa4ce71d34f05c6588bf37c81d7bc7c7e11ebd14d69700031a2390ca1ba7f24372541ed35b577978ff0025050d2545697c981a0f9a9a905620993527ce6344e6929cca7c725202d1a09eaa120732c29323738653acc0ebc1485a7faa02bd073df9ee32e5cb92e56a6ea63bce247aae6ffb890c4329001e66bf85040a3bcb02ce617452fe20ab1a24487484bb42375a875408ba80704b3367e6130d9ddc8f8a0a9dacc48cc724efdb912f528c2c182d8181a30934cb7629285b781e7eaa616a0756fa2bf5d3cc0f49bc4e634f0985f4ff0054755c6bda3e21e6110ca87823ef07d361da3c15d0e4c738715c39028f50ab955270574b942c7aec850192a485e986a669a4ae12ae48fed125124a4a96258382eb5a0724d2d4e0d572486a55d8667d3cd075c16827527756459c0282b86b73766786c82ab732ec9d84aba365273390f9a2838374f350da2d4837da965c9d520ef3463e9c9e61ceaa9a6b219ac791319269a4e3ae4b3b752a3bc70c464d5c10f6933c77e0959839cd20ba41d2738e9c1106990c0e264e5e43443592bb76d24e5c08d571f2d0c9ee340ff334afe1dbb48bf670099ca381307c10751ee0664c7498f5578fc241044855d6ab38668e89d8e61536bc63da76868c18ee3794b46d469bb2391d4683c15a59ed21e72cc3b304464771081ab62c5b35c39659f8a0df66a94887b314083033197184ac6e47134322b7d668ad1545312e968e274e9c8a8197bd31f1829977df6ca92d7ebbb4fd8a8af4b3e1697d3a61c48d44489d0f30b56a27753f7e66609bd30931bda99f8b74436d34ce9519e3080b261203b0892386452b45bea33dda38c7069123c387440ad7c996d8c5d096c6a8cbbed8e442e8ae3883e2b217a5f2ea8031d4dcc702204169e1e48ebb6481883bd11fb89f6ed01b150de6a5831725dd32955cca03e17bbd3eca6b30389c1ce9cf2fe6ba18b2e5c54586c76e6e656456bae7e90a0e4d2f5c72638aeb0373191398925163495c953409094e2d515a2a8a6de655935bc102e36d3680c103555c2a073862d257264c94db55888687873b6302161ea729d26a6ac48018ab6039b5a673f4439671e19e888a36679125daec441f1443ac21a2359d6735c138f239d555370c8abb5c02cf5f30dc4238e4a7b4d8b2907eb2b3d6bb360274307307e89b66bd5ed300e5fa4e6344b4c8082ac2ff0088f6c27f12196b52daf608a825a3e200911d365039e327d33f5051164be6939b86a083fc511a8df8a568ba9afef5221aec8919e1cf3d15b602cb60d9fd441560a69857ed0aa15c18c43091a83a67cf6515ae9b5d3af59cfc140d7912d78c2ff4773077e8b8e706ea309e2344b6cbb686122a6f6226bda04782e331e707241daa89f79b9f4d7aa15979be99fde34c6ff9a14b4d40ed1da6c6d0bb759f1107067fab7f34fb0de783b8f120640ee384f1088b35ae9d4cc10ee9b21ed976877798e2d3e63cbed0b406376398068ecd2c2bd943807538e39640ff00355752d01861c0b4f070d47c88e6a2b3da6bd9dd0f66366e59991cf0eb3cb3572e342bb60e178e047df3053e9586e68c51054efb8809aec7006a0046c723fd148c0d1de0641398ca7820ad17154a72eb3d4207e87c39bd01398087a36aaa490689c4371004f30e2ab75dae1690c2c197acaccd64693f680a6a35c104c41f5ea5612d56cb48a92fa0f1190c20b9b1c7290655b5dd7acbbb32d735fbb5c082329063f35445dc11636f94a6c4b5b19a72f9121700e6bb41c232cf7cf35db4c02204725d9e9fa90f4a46f3979719537204933b43f8125b22a69df5035b88f82a5ad50b8c9445e168c4e81a04097424e57ec21e35ef1d8e118db753c0d05e01006a7805157b331c30919f1061002ebc271025da800f3de7a4ae565ea5803a45cd498d4f265c53bc69bdc031c093c88d3a85cb43c9300c0e30aa0d2735c2187946707c15fe50d3b11bed3a4f3d9270e6c99d4ea15465e455422b799ebd6ec7bc87362473890b3f6cb1b9b93da5bcf6f0216e2b435d86709e7a1e8a2a9403b2304470c967c9d3ee74f37e669c5d4b0001e2794de960aa44b1ee3e254dec9fb4d52cd34ea1796ce5886268e5c5bf25b9b6dc320f6700f03a79ecb1d795c8f61ef37093bce453b1e52aba5c57ce680d8f24dcd1aecb461788820483982397dd056cbaaa3439d45e48fd2ece3902b2f73d2b435ed0d2301f7a4ed1a80b6962b686cb1c639920e7c0a5138cb53559ef0195b1fe1e3c4cbd3bedd4ce1a8c2d239108817853a99c4cad35a6cd4abb61cc6bb70465e12b2d79fb23849752796f29d3ee85fa751b83b791c424ca09dc518aad8b32ea2fc04b60fda362994ef2af4ce17b310d8b7327c374253b2da298cbbfa4e133d4c1e6ad2efb639d51b49ed87bb8f493e8106fdf71f28d6a024f42f6a7525a4c3b4734e44728523a9b60b9a7a442e5e77131ed25c33e2d31d09e8b2b6c655b3c77dc5b31c6382b38751abfbff58b520f066dacb7901dda991e3b23aad30f188475585fef0a8d12e01c388e08cbbeff000cdfba763b74fb2342ea34b0b116d841dd4cb3bcadc287bed7807e319b679f0549dab5d68ed5aef79a01f0e1e01699b69a75d9b39a468775436abb1949e1cc6c373dcee32014dbb184954411bcbeb2d4eeb4f244d57971da00f9aa4b05a83a9869d891eaace830e171e05be507f3c56ae8dcfac0098fa94a526490928fb44977ecce7438950d5192917435656162381a3216db5ecf74831b387d510cbd41f7d85bcc7787dfd137b1052fd944647ebebaae5374d99383626bd78db910ba56aa6ff75ed3d0805185f2d2d39cf9f259ca974b5e48701e1f398c959dd1656d320366083a92677dfa25e1cac4e922af626564c6a058325b68c6c0eddb914059ebb98e2d9cb583988dd1efa831b9bb387a8fcf455b6ab254961a7120e7260169d5a919acbea43bf07ea21e2ad3a5b896ccaed200262749d0c2657a01c0870041d88405b2c85cc731c70ce85b99698d4735cb0d47b1a1a6a3aa01bba31798013d72decc2568eea6016ab8833116622368711878e4b1f6ead5293c8693d1f9995ea14aab5dee9cf71bf920adb7553a9efb013c6151c22f52ee3c47e3ea48d9a626c1ed26023102275033f760e5bc725aebbadd4eab4104386b9cce7c46cabaadc7498e97536f2701c11f65a54dbeeb467e093b70057907fa43c85585c56eb337112dc9dcbcd57d8eb1159a2a0120120eda448e1aab7a8d1b1839c1d79c1f10135d489692609198223f014a614d604a56f6d1905f95c1a4435d84b8813d083f458fbda8552d00b4bc1d4804e47d642babd5e4b5a24fbc731b10088eb9a26cf44b69b5c4e7ab89cbe48972fbb54620d02a60d963ad4fdc7e26fe977c9494ed25ce0ca94cb4e6676200cd6bea5a83812f1dddb10991e486759e93e1cc113fedf5cc2d3ebdf23f892a0b751644d3a9ebf457966a38a0bc931b683cb754368b900cd8e2c76c5b1f2d0856feceb2b8a81af8731a24bb4e823893f54aa526e03b103632c3fbaf2c840d721ba6b1e68bc87661e2382d0320c92b1fed1decc6d66b067dd9919ea63febea98aac843273101f5dab7108fda470ffd82e2aefef16f3f4493fe3ba8ff00049f0d8e6b43539ad5c695202bae2a73e2014cd60024a8d49fb30cb149e5b7f359faabd342312af78c6106604ed9643cd75945d20971040d1bf744334c90f6ab63180f781d74583d34550cc63412c6809c2c1046878ee959aa820b4ea3f2551d6beda486e17f37c18cf5c91360a8e71cc8d3ba4691ac02b27a8038d23fbc79c4da4dc3ad6c233d42adad690d69767878804aba69ca751ba0abd20d9cb130832387e7e42bca841d40ed2b1b76332d6cf6869d3ce1f2342040f3952d8fdbfa3880a81cd07e21de83c48034425bac81ae2dc8b4fba4e7238155ceb929cc9047219053165c6bcdcd4d84309e9342d14eab0398e6b9aed0b4c83e481b65dd39b323c24aca5d8d6d074d39613ac1307a8dd6aec17a878878c278ec7c763c8abc8f8f26c620e36c7b8e2505a2d756987348870d8e91c78a2ae2bc1efa6439a3231990677d7c7757b6fbbd955b85e246aa99f76f642183bba8849c83d35b03f38d575715de5cd2b131f2635df62aaaf9b3bd834968d48e1f64fbb2dc580e2248249cf4688dbca7c4abda2e6d402082d2351988faa6634c7956976314ecf8dacee26718e1dde835cc13d1056bbb31c3a93cb1dae09ee3a738fe1fcc91b7c59bb22e74f74027a6aa9aeabe1b55ad735d96db10969ad6f50d86df9c7720158c65e0e0f349ed735e04e1236e20e8e1d16cac148b581a7de2ab6cd86ab9b89a1c58410e234e7d55bbaa060c476e298ba58daf113958d69905f759eda4e6d3f7e35f991cf55e6568abfbce807d5695f7f38567b6ab7049ee3b50593dd3e5eb2a1bc6c74aad46b9a0071f7e3e26f3e7a669e1c235b48a842d4ccf60e777a1d9e7bef9a4b6a1a36640d842497f10de23ac4d3d998d260a91f6703fa9516368d481e4a3a95c6471647704e792e867c756411e673d2ced260d1c324eab5db13b8ca27c955bed0e2f0d0e319e9a26b293def81d4f01cc959f1e3c9917630db4a9de16fb403ef3bff16e5e6755039a1ffe1b331c8c79c2a3bebdacb3d98965302b541a9f801ebbac6dbfdb5b6553fe2e06fe9600df5d51b744185335fd23f163c8dba8a1f39e8d52c150e6584f285555edd56ceec5d8d40d064cb4e18ea240eabcfd97e5a0e7dbd49ff5bbee8fb0fb656ca47fc52f1c1e03879ebea857a0c6a6c13f79a8e2cb5c83fa4f5b65a03836a5332d7b4387082325151b66274441dc1e31b2a8f663da26db29b8600c7d320b9a0e443a7bc3948397dd1b6fa409c8892263791aa4754ac8db71ccc8a947491bc92f1bb5b506400236fa8e7c967ad76170384b8f23f99ad658eb636349d46479387e4f8aeda28b5fdd70ca35dc251c2186a530933143a4cf3ca3657d2a86a1ef83a7103a705a4b3db69d4692206939447004ed9a65baeda94dda6269d08f91500b382d34dd89b319660ec73496249f78de6925580225c596d0e606863b167ee92088e4469f2564e744cb641e1f6fb2ccdd37561acc731eec224b9a7398040e99c2d5466073f419ca7e352cbb199736956da545aec0d78385d99faf2d957dd2fab667e078c4c3a11b731f65617ede2293c10d076e1d734db1db195da6338d4110478e8906d09d3e7b4629253dc36326bd2dd4dd4dc0c381111ac870d3c9610dcc5a315105b1a0cc80787f25aebc2eeee10c80769cc03f3284b9a8bdce26a3480c300832d71e5f9b8458b2b1bb3f97f686a1556c4b4b9ecae653687905d03111909dfc12bcaded6b9a2310df8c71844557e16ee1662d966754a86a35c41e1a8234197d938ec284ce06a3a9a1b7add74ad2c8610d789c27e62382adb0ddeea6e0c20820664efe3b856964ae1918c60773d0f42af1a1b51bde823d7cd5062db132f515dbb4cef68388495a1b8297f99507296fd9255e93f912fd44f9fda4b56ce203da3270078ebaaafb45421ad1c09fe5e8adecee96967e93e85545e3448279907d20fc82a61a188f225a1d5573964739d5180665d97a1f454dedcfb4dd9e2b259dd063f78f1ac91a057b42a8a546ada1da805ade806279f90f35e636f7b5d4e85531da54155d53493fbc706123a489e4bafd2295c20f9dff002838d15f36fc0fde08fa05b4e9d4c41dda07e4356963f0c1eb91f15150a01c462385bb9d60721ba2ae9b176b5e9d2d31b802796fe81587b41760b3d57d2071406c13130423635b89d34009d24efcfe533f50804e1989313ac4e53cd42faa67aa9ed0cdc6c994a983a8462b9305c303421b64a9529bb1d3a8e6988c4c2e6cf11391232dd6d3d94f69daf77ecd6b32d7e4ca872735c74976b13a1d8ac256790981f282acdd417c6aeba4fde7b651ac693dd4aa118f569d31b76781fab88e53a286b5fbd9101ec2599c919b80e31b8e4aa6e9bc1d6bb036accda2cae124eae6c6a78cb723c60a92d968a75298acdca2439a756ba34e9c1733a9c4d85c32f1e262c6a189561bf13594aa35ed907135c011e3a74559785921f84e794f311191547705b5eca4f7b810d99683c363c91b77de5dad47ff00a411c606441f349ea0ea5363710910a31a3b432e46b839e4e63203cf3574d78ed35f758247fa8e5ff12a0bbeca1913be69591d88d577f186f835a3ee533082a8077e6232b0662664bdaea2e7bdbc1a4b88e654beca69548e0d1ff227e882f696db82b38ce42047131a0f356deccbe6839f1189e7d001f3052d7569b3c4d4db639dbd2d6e634412013878f805a2b2d9b053683a819f58cd5136cf8ed54b5c225e6065dd831d745a0b5d5c2d274d65160c6002e665cadc28998f696d4f680da45ae7139cfe9dc7227e8532eeb5b5f0d7b703bd0f8a1e8da054a8e2feee660ed1b4f82b5b45d6daac2d3beed39a4fa841e23ca80b46477a340a4f73a0403f2c9505cb7d3984b4e6c1ee83ac72fb286fdb35a1a5949c5c688ccba727107bad3b88d73c90bd980dc49f4081e4ca55ada6d05f74bf50f549617b372ea7fc2e4f31778fe73d21b954236708f1198505eac18321a1f9a9ed9910ee06536da25af1cb2f29083af4d2d7e6060375287db1776777c7ff001fad43ff00e9797db69f798d9d29d304eb189a1c7cb12f51f6f2897584f2a6c3fed2d9f92f3dab60258eadf0e0b3c4692f641f22c779aeb8db1ad714233a53c93cd99cbea93685770a2e2030b4b1d9ce6d04107713ba5735375a2a8a66a7788305e49920486c9dce8aaabf00bb65a8e639b519939a64750964022748315af3e65c5aeeec261c081c556d4201c981b0d8cb723e25bbad45b68a4dacdf880747027de1e06563ef9b29a64380cb43f4593066b628798f6d2cbaa075ed4d753653c0d05a5c4bc7bce939027801b2186410d51e6720a4a59ea4cf08cbcfcd6fd3b4c63202684f43fecaebe2ad5a9c775f4b31cda72ff914fb9acd368ecce6d6bce21b1c12330a3feca1b16a7fff0059ff009351966b40a75aabff008aa7917930b2754c348bf2667752331af0259dfd696c766de2498e1b04df666cc4d42e8ee86c13d48207a2ab63dd51f88e65c721d740b6b77584536359f11ef38f3e1d02c7a6c6fde2ddb48a8af8b59a749cee032e64e89d74b70d9993abb39e3ae7f254ded45a03c3983dd6b4f8bb73f456d7738fecd483b5c0d3e6250075b63cd0a82c958d7e6679b5e953b4aef7ccb438c7f45b4b8a996d999946205de6491e90562bb13387898f12755e814db14c3766b401e0212f338a0269c828012c6ebd1d3c606d94493f240dff005646107decbc37fb78ab1b3330d26cea44f3ccc81e0b21ed05ec054ecdb9be3ac4ee7ec8ceaf4c2fe73220d4e4881dbeb860c0ccde7d071288bb2d156933dec4350d71f91d47e6499775d87df74971cc93994cbfede2906b1b9bdd930721ab88e010226b3a4702682471345765e54ed20c0cc482d70122351c0f82aabfee22cefd3cd9ab9bbb789e8aa2eaa669b012e21cdce74cf595a7b9afb150454f8b476c46d23628d10ab12a2eb78ac80aee267859925b0feefa5fa7d525abe393c4cfa6136b6482a02e9a41c35d09e99047546c841d90025f4cefde1f55a3aec45936e60607a803a88af657533c1f4cf470307d7d179c59ede1b627d0a83bcd7961dc87b1e5ec079197b676c2bd1acf6814ea6177baf384f227dd3cb391e2b15ede5d8eb3d57d50d9a75843f836a020b5de627c5c15f4797d4c03c8d8cd8802e520f0771316f6c94431b94c689b80e589a448913398e3cc2e89846674c00779b2feceadcd797d95f1a17d3ffbb7e47fdc8ef69ee72e63da1b9ead3cc6607e71581b05add42b32b367131c1dd47c4df1048f15edd69636ad36bda416ba1cd3c88907c8ac5d4e2a619579991ddb1bd1e0cf03c2d99233dc1d14ac78998856ded6583b2b43db1938e36f476bff00b621e0abaecb0beb546d2a6d9738f97127800ba0ada94111a001ee9e83fd9b50ece95a2d2ed0370b6773127febe6ab8997069dc925682f52cb350a762a667080ea879eb9f3273e802ccd9cb9cfee09c53b4f75b027ccac7d410582f61b9faccaac5999fcf1f41369ecdd8013db3bdd6ce1e6ee3e0adef2b60a4c2ef89c600e083b1db58ca6ca61ed0434483949c8bb2e687b7385578036cfcbeab0e7ea457b62d7192deee2555b699145f50f02b5cfa4194c0e0c03fda167ade4114a91f8dec69e60b803f35a6b7925ae03582075881ea870a8f4c985998da8983bb6807d5c519005d1cf6f55abb2d0c45acd41f90d50166b08a470932e1ef1da4ede192b9bb84073fc07ccfe72485f7e4a3c08799fdb623af7b5358d713eeb4171e804fc9602e9b31aaf75570cdef2ee601d07805a2f68aae36f67fafdeff48fb9faa8ec94853662c87009f93296d97bfe820635d0b726b55a594e9b8b8c35a249e8b0d75e2b55675a1e3239367e16f0fcde511ed85e25ecc2d30d240ea77f00a5b8eaf66c0c2dd077798035f395a9004c5b779154f30cb6be07660664e7d15bdd3619c397054d629a8f0f3b991c80d02dcdd5443592761f44ee81753989eadb4a885fecede092c9d6f6b9d88e1a6e2d930403044e474e092ebfc3a7fe47da733d43e4cd9da29c1e5b2acaacc351ae8de3cf25764070c3b8d3ecab6d74a5a46e12f3e3b531985e8caab7d94622ee6427b5d4eb53346b00646105da386c0f03c0a32db9b01ca4806555d5a792e5745ff1b328facdb97750d309ed37b2168a0669e3a949b385b997b06b11bb798593a6e2099f15ec4cbdea5386918dbc1d323a3b6515a9b60b40fded2c2e3be1cc7fe6ccd6d6c98aeac03e0cd387a9c8a3dc2c7913c95ce057ab7f67d6e356c980e6693b003fc301cdf2cc780413fd8cbbf515de07099f9b55d7b3d76d96cce73683dee2f10714e1384123619ebe693934e922c7de1f519d322ec0dfd254fb5becdd4b53e976606204b5c4e8187393d0ff00c93dacb3dd94cb29c3eb11de71d678bb837837faad0de14df85c18e2c7104070d9659b71c992c2f74c925d24f12412b2e3eb0635d35bc553640013b0fd65152edabe2c2d73def24976d2799c969ae7f662a300352a1032eeb4e796d3fd51b66b4398d0dec8b00df5f9236adeac6c1735e6360d71f5598e706c7986da86ca232f5b151a54016b60c800ea4f52732a96eab462aa47f099f309d7cdea6b61c8b5a2601d64f2d957ddce0daae89c9bb2465d2c4902331290b4dccbcb499af668ff0035be927e8b496ca81a6781954772d971d56d43f09ee8e13bf55637bd586e7b9fba30e5705fce232007201f295a5d8899997191d4956368a985a070fc2555dd7531bfa663f3aa26f027dd1a9cbeeb2212a09ee63186e04ae653ed2a179d3e834425e56b25c29b3de748e806aef246d7aada6c3cb5ea80b8281a8ea95ddbf70726ccebb6616bc4b42cf3fe6d2726fb099ebf69cd4a748027082e303427427a004cf34d2f7d3a6711ef3ce166f0dd0bbf39231ad6d5a8f7c7bce3849d60643d0052baca5f5065dd6474d96c0757b40e25b1a1bcbcbb2ef0ca60f21f246df56fc14db459efd4240e4c1efbbcb2ea54968b4369d3c4eeeb40927908954d7531d5abbad150193ee30fc2cf841e7bf53c16ff00f4c406da733ad73604b8a76030333a0d87dd247e07713e7fc925d99cd972d7e6bb5981d98f10a269dd758f8391fce09456c468352bed1dd63a4486931d0c11f54152a78a9b4c71f4242b4be0b5b49cf981127910556dc95c54a6e2340f23d01faae2aa69eac8ec44e95eac3abe72b1ce6b1fdfdc6489651a673e7c251579d883c69a20ec3607971188868f9ec127aae90ea2d0f1661a6a15fb2375eec745253b206b9ae034326331aa25b77bc7bb508cbe20d23d2140fa169190c0e07782dcbcd673888dc832f5dec0c2ebd3ce78aa6a8f34dc4e4e07c0857155c70367de020f091ac7254d6d15332da7880df1347a10919c0d5ede633171bc2e9de8cc89a64780223af82655b43664b4c4e586724059df5bfcbcb4f85102bbdbff00f378e911e39a062c6acfe9181403b7ef26af6363e0901c389009f440d7b929325e25b3ae660ee323b291d6d70ccb1c00e43c94cdb5f68dc384c46a401f543a8511de100c28f68db9aa97550c221a31127638465ea42efb4b26980099276f3535cf662d797132303a3c5c33f44ebd198a1bc7e5b9446c621f58048f5ac7133d70599ef7e2c443586322419d4f51f65a0b7bda003b8d790fba21949b4a9c01b40fbace5eb6824e1139e64f2e08c2fb848cdadafb4a7be2dc5c7034133384c8c331127723356b61b41a747b302006c703307ea654762bb838871190d15956a1a04f41ac851e6477555a94764bbe5c00ca782d8d92ed6b599f0ce532eab006f7ca12db6e36979a54cc526e552a0cb11ff2da7e67c072ef61c039a9cbcd9cf1206b85725ac1fbb6980ed71169ce3f8663ac1da15bd9acad6088d753cf895258acad6801a21a207d3ec887b83786289e4237ebf25af1e354fc22647766e4c5d99fd3ff0024905fb51e0eff006949328c0b12c9a9d9fe704c2f5c63b825c6c91ec0e1de12381d32e29edb3b63b82397d946dcf752613c5094526eb79618d5485ec41bdcea6726cb77eaad7b40477bcd31f47c42565c4196a313269305a76e69f7b2e4a6fda1a46a0f0cd0f5ac9c106fb2ce47ecb9d9716451edde694656e61b5fae53f41921b73042e328e16c0f7419e7247f2501b336a174cc88823a2e4e557392ab79a56ab9da12c619911d149865513ec2e0e70cc0db5cd31f7718c9d9f0cc7d545c8ebb1585e9a9ff00b4b1b6b461f786b113086a62981fe2367701c2502db8dae32e13ebf353d3bb58c20498d80cbe492c818eaa8e14055c3295b29b0eb2731024953d96d2d7b8b88220652067e4994acc068d4436c0e3c82d18fa4c8d54221f220e60979d681cce40733a040d96ec73bbcf5a2a375343b119710204e71d114583135be27a0d3d7e4b7e3e8ce352cfcc4b7500ecb2a8d94340db2431812f790d68cc9390011b7dda853a6fa8413846406fb00bcfed6faf697075438583314c4e11c09fd4799cb904ee8ba6058b7689cf98815de5adbef8a96a7763409653f8dfa39cddc3780f5e8b4b75d85ac6358d0006e400e0ab7d9abac6190398e8b4951e1b903a8d78f21c17680a1426026f7313de19c399fa055d68aa0439e4c7c2cdddccf01fc92b5560ce6ff85bac4ee7ec994a89271bf376b9edf9e8a89a95cc87f6cadb3606c300d36491d25243afe52f49f32c0b39268a70223faa376509d548718d61cff345235a9a5c9ec7292463d9f75c6b88e49c4ae12a491c1e0ea20f248d2078151025741f342541903548eb53869e6a1b0d13deea3e49f6825c3371007af9ae599e580819c999ebd173fe158e7d75b09a3d65f4eaf78f7d32982cbc4297f6c236f548de3b40fcf05b0e1079117ea11132c83827b6c6de01466f03390078e672f4415b2f4aa0814d8d74ee5d19718d78a83a741c0128e53e65b36881b26d4a8d689710071261662f7b5db4b7f7519eae1872e80954152cb51bfbcb497bddb34925a0f13b7804c18e01c935f6bf6969347725e76c3a13c8e851d667ba0bdfef10246c0c680f2590b9a90ed055a907f48d87872fcd16a8d42f6f70789c879ac1d623b3055076fde68c4cb449329efab6cb853199d4f24132c45ce000d773e32ad68dded0e75471c6e39c9c80e407047599bbedb1d1bc16ce9711c680188cae19ac492ccc0c686b44fd7f920ad96920e1a625e77fd1fcf4f452beb1708a79717c7c87e6bb2e59ecc18206bb9dca7168ba9059acb864932e3a9fb22f0a786a7810964dc21b48b0249fdb378a4a4b8791b2610a62dcd70b51c922c29029c5458e4f05248e73931b9e49e1b29ee01ad80ac082640f7e11de2a3a9563a9080b5d4ed2a31b303574e5fd740bb6daed06753b01909db3461441b933aa723a7ca4a736a70fcfe9f641d91cfa8e38590d1bc4f2238232983a62191cfbc0647929b4ade3b0b893918067ec99599841d27a81ae7c792eda1c1b12e6f0dcce59e9e1aa1dac6970738b8ced0215cb8f6323bb886874931e904e9e69ef6338cf41d72cd3fbb91879e91f9ba8db4f0fc2e238931cb48556241724616699c4f24aa3586439b9733c5461e273675ef64a48260c37ca7e6a8b0905c0bfbae9878768dddb3972e8a535cbbbac6e168cb80f0dd1058773f203d1385343ae5e983b1ba1893c4e437db75dece7de25dd74f00886d34f166e450162658121042ecae5a00a625c0f48f5252a21a5ae73a6351988c235cc2a851a6a0faf82829b6a3e736982439ba6a4467d27aca95b68a58658d710606788cc7004c788d54e18f764329cc0c83a389fd3eaaea490fec8efc3fc97119fb09fd6b8ae496098924ae491263c2e24a4a3276086f9fc930e72791f9a492282664af2ff0011a773ba2dec029e20339ebb8d8e49248cc011b62aeec0f388ce289e53a27ddcdcdc78b47d52494320e64764aee2f89f41b29e85b1e5f87118cf4cb63c124909852c5e34d7cca929b0468ba92546489ec11a266e924a49266eca5624929247ec89a3a0e8175252483de3937cbe8a8ddfe2369fc18c8c3b4601924922582659501fbf8d80c870c829ec9ef38a492b3c48216924925c29ffd9),
(3, 1, 'spaghetti', 30, 1, ''),
(4, 1, 'carbonara', 35, 1, ''),
(5, 1, 'pansit', 40, 1, ''),
(6, 1, 'chicken pesto', 45, 1, ''),
(7, 1, 'pasta', 50, 1, ''),
(8, 2, 'coke', 10, 1, ''),
(9, 2, 'pepsi', 12, 1, ''),
(10, 2, 'root beer', 15, 1, ''),
(11, 2, 'mountain dew', 17, 1, ''),
(12, 2, 'sprite', 19, 1, ''),
(13, 5, 'tokwa', 7, 1, ''),
(14, 5, 'baboy', 5, 1, ''),
(15, 5, 'lugaw', 12, 1, ''),
(16, 5, 'goto', 15, 1, ''),
(17, 5, 'lumpiang toge', 15, 1, ''),
(18, 6, 'kikyam', 2, 1, ''),
(19, 6, 'fish ball', 1, 1, ''),
(20, 6, 'kwek-kwek', 16, 1, ''),
(21, 6, 'isaw', 12, 1, ''),
(22, 6, 'tokneneng', 12, 1, ''),
(23, 7, 'banana q', 15, 1, ''),
(24, 7, 'camote q', 15, 1, '');

-- --------------------------------------------------------

--
-- Table structure for table `tbl_orders`
--

CREATE TABLE `tbl_orders` (
  `id` int(11) NOT NULL,
  `item_id` int(11) NOT NULL,
  `store_id` int(11) NOT NULL,
  `customer_id` int(11) NOT NULL,
  `quantity` int(11) NOT NULL,
  `date` datetime NOT NULL,
  `order_status` tinyint(1) NOT NULL
) ENGINE=InnoDB DEFAULT CHARSET=utf8mb4 COLLATE=utf8mb4_general_ci;

--
-- Dumping data for table `tbl_orders`
--

INSERT INTO `tbl_orders` (`id`, `item_id`, `store_id`, `customer_id`, `quantity`, `date`, `order_status`) VALUES
(1, 2, 1, 4, 2, '2023-06-16 02:04:36', 1),
(2, 8, 2, 4, 1, '2023-06-16 02:04:36', 1),
(3, 13, 5, 12, 5, '2023-06-16 04:55:58', 1),
(4, 19, 6, 4, 7, '2023-06-16 04:59:08', 0);

-- --------------------------------------------------------

--
-- Table structure for table `tbl_stores`
--

CREATE TABLE `tbl_stores` (
  `id` int(11) NOT NULL,
  `user_id` int(11) NOT NULL,
  `store_name` varchar(30) NOT NULL,
  `Location` varchar(100) DEFAULT NULL,
  `Contact` varchar(100) DEFAULT NULL,
  `Likes` bigint(20) DEFAULT NULL,
  `store_image` longblob DEFAULT NULL
) ENGINE=InnoDB DEFAULT CHARSET=utf8mb4 COLLATE=utf8mb4_general_ci;

--
-- Dumping data for table `tbl_stores`
--

INSERT INTO `tbl_stores` (`id`, `user_id`, `store_name`, `Location`, `Contact`, `Likes`, `store_image`) VALUES
(1, 12, 'Jabee', NULL, NULL, NULL, NULL),
(2, 7, 'mackdo', NULL, NULL, NULL, NULL),
(5, 6, 'FFC', NULL, NULL, NULL, NULL),
(6, 8, 'manang isaw', NULL, NULL, NULL, NULL),
(7, 4, 'bandoks', NULL, NULL, NULL, NULL);

-- --------------------------------------------------------

--
-- Table structure for table `tbl_users`
--

CREATE TABLE `tbl_users` (
  `user_id` int(30) NOT NULL,
  `Last_Name` varchar(30) NOT NULL,
  `First_Name` varchar(30) NOT NULL,
  `Middle_name` varchar(30) DEFAULT NULL,
  `User_Name` varchar(30) NOT NULL,
  `student_id` varchar(15) DEFAULT NULL,
  `user_type` int(1) NOT NULL,
  `password` int(30) NOT NULL,
  `section` varchar(9) DEFAULT NULL,
  `user_profile` longblob NOT NULL
) ENGINE=InnoDB DEFAULT CHARSET=utf8mb4 COLLATE=utf8mb4_general_ci;

--
-- Dumping data for table `tbl_users`
--

INSERT INTO `tbl_users` (`user_id`, `Last_Name`, `First_Name`, `Middle_name`, `User_Name`, `student_id`, `user_type`, `password`, `section`, `user_profile`) VALUES
(4, 'Ledesma', 'Jeriel', 'Esquierdo', '2020-02417-MN-0', '2020-02417-MN-0', 2, 1234, NULL, ''),
(6, 'Capili', 'Mia Carryl', 'Valentino', '2020-02405-MN-0', '2020-02405-MN-0', 2, 1234, NULL, ''),
(7, 'Cruz', 'Marielle Nicole', 'Hayag', '2020-02278-MN-0', '2020-02278-MN-0', 2, 1234, NULL, ''),
(8, 'Silva', 'Matthew Jericho', 'Pangilinan', '2020-01973-MN-0', '2020-01973-MN-0', 2, 1234, NULL, ''),
(11, 'Doe', 'John', NULL, 'Admin', NULL, 1, 1111, NULL, ''),
(12, 'Pontillas', 'Harvy', NULL, 'Developer', NULL, 1, 2222, NULL, '');

--
-- Indexes for dumped tables
--

--
-- Indexes for table `tbl_menu`
--
ALTER TABLE `tbl_menu`
  ADD PRIMARY KEY (`id`),
  ADD KEY `store_id` (`store_id`);

--
-- Indexes for table `tbl_orders`
--
ALTER TABLE `tbl_orders`
  ADD PRIMARY KEY (`id`),
  ADD KEY `item_id` (`item_id`,`store_id`,`customer_id`),
  ADD KEY `customer_id` (`customer_id`),
  ADD KEY `store_id` (`store_id`);

--
-- Indexes for table `tbl_stores`
--
ALTER TABLE `tbl_stores`
  ADD PRIMARY KEY (`id`),
  ADD KEY `user_id` (`user_id`);

--
-- Indexes for table `tbl_users`
--
ALTER TABLE `tbl_users`
  ADD PRIMARY KEY (`user_id`);

--
-- AUTO_INCREMENT for dumped tables
--

--
-- AUTO_INCREMENT for table `tbl_menu`
--
ALTER TABLE `tbl_menu`
  MODIFY `id` int(11) NOT NULL AUTO_INCREMENT, AUTO_INCREMENT=25;

--
-- AUTO_INCREMENT for table `tbl_orders`
--
ALTER TABLE `tbl_orders`
  MODIFY `id` int(11) NOT NULL AUTO_INCREMENT, AUTO_INCREMENT=5;

--
-- AUTO_INCREMENT for table `tbl_stores`
--
ALTER TABLE `tbl_stores`
  MODIFY `id` int(11) NOT NULL AUTO_INCREMENT, AUTO_INCREMENT=8;

--
-- AUTO_INCREMENT for table `tbl_users`
--
ALTER TABLE `tbl_users`
  MODIFY `user_id` int(30) NOT NULL AUTO_INCREMENT, AUTO_INCREMENT=13;

--
-- Constraints for dumped tables
--

--
-- Constraints for table `tbl_menu`
--
ALTER TABLE `tbl_menu`
  ADD CONSTRAINT `tbl_menu_ibfk_1` FOREIGN KEY (`store_id`) REFERENCES `tbl_stores` (`id`);

--
-- Constraints for table `tbl_orders`
--
ALTER TABLE `tbl_orders`
  ADD CONSTRAINT `tbl_orders_ibfk_1` FOREIGN KEY (`customer_id`) REFERENCES `tbl_users` (`user_id`),
  ADD CONSTRAINT `tbl_orders_ibfk_2` FOREIGN KEY (`item_id`) REFERENCES `tbl_menu` (`id`),
  ADD CONSTRAINT `tbl_orders_ibfk_3` FOREIGN KEY (`store_id`) REFERENCES `tbl_stores` (`id`);

--
-- Constraints for table `tbl_stores`
--
ALTER TABLE `tbl_stores`
  ADD CONSTRAINT `tbl_stores_ibfk_1` FOREIGN KEY (`user_id`) REFERENCES `tbl_users` (`user_id`);
COMMIT;

/*!40101 SET CHARACTER_SET_CLIENT=@OLD_CHARACTER_SET_CLIENT */;
/*!40101 SET CHARACTER_SET_RESULTS=@OLD_CHARACTER_SET_RESULTS */;
/*!40101 SET COLLATION_CONNECTION=@OLD_COLLATION_CONNECTION */;
